frame_idx,timestamp,landmarks_detected,elbow_angle,shoulder_angle,wrist_angle,knee_angle,trunk_rotation,torso_lean,contact_height,wrist_x,wrist_y,wrist_velocity
0,0.0,True,106.05882036123656,67.52680006044908,159.61169277856393,169.7014915621687,-9.637708666051111,0.2510621623369426,-0.047082722187042236,0.4727121591567993,0.47522592544555664,0.0
1,0.033333258928571426,True,105.47357905731432,66.6323181272632,160.55121668460825,169.76483095556557,-9.473383644693854,0.9170802024325918,-0.047798097133636475,0.47293078899383545,0.4749794900417328,0.35253326852180195
2,0.06666651785714285,True,106.78670463991044,66.41620614741946,159.17768314331477,170.19489857718784,-8.953853224343604,1.1509770138036133,-0.04774942994117737,0.4722934663295746,0.4749165177345276,0.46589794856031463
3,0.09999977678571428,True,108.79091453874953,65.27106344210064,154.45763799245282,168.19593949924368,-8.365522908245595,1.4086148042499287,-0.04901447892189026,0.4715529680252075,0.4761337339878082,1.64673524496743
4,0.1333330357142857,True,114.06173346670599,64.74300470445074,143.24516747390783,168.4823130828088,-7.855956492083237,1.5572282517552816,-0.049205660820007324,0.46868422627449036,0.4761882424354553,2.066672126964845
5,0.16666629464285715,True,116.50619676830509,64.73165157351335,139.7130012667084,168.34978372226504,-8.425498252299661,1.120047912475746,-0.05013161897659302,0.466805100440979,0.4771093428134918,1.7946003593803412
6,0.19999955357142857,True,121.85406538663104,64.96734937085866,139.04444166669518,169.66130895620202,-10.829854369692043,0.24497779123603108,-0.05059805512428284,0.4638504981994629,0.47757306694984436,2.2085707754409905
7,0.23333281250000001,True,123.00220673044615,65.44986935405254,142.1076272839912,171.28128018160675,-11.277139063722743,0.5910265889104869,-0.0514090359210968,0.46049970388412476,0.4782467782497406,2.5620600167028202
8,0.2666660714285714,True,123.55969238175119,66.0722148341772,142.52859961198058,172.11971809811678,-10.871845820465651,0.5324309794267442,-0.05159270763397217,0.45672526955604553,0.47817736864089966,2.71904458969634
9,0.2999993303571429,True,120.4280808531172,67.53148889162645,144.31718873165542,171.93506308460323,-12.20653521207521,1.3219699096903144,-0.05191484093666077,0.454234778881073,0.47825542092323303,1.7959343250694468
10,0.3333325892857143,True,118.00332333287119,68.47363757150308,145.8626751237844,171.31365644276323,-14.106618634555986,2.4704256936006868,-0.05224877595901489,0.4527105987071991,0.4785827696323395,1.1746805626705863
11,0.3666658482142857,True,116.18329615940344,69.06947911622282,150.3262900962614,170.9727902522663,-14.600215714390146,2.83491725351925,-0.0523315966129303,0.4509968161582947,0.4786921441555023,1.2418401157416756
12,0.39999910714285714,True,118.45656519032306,69.26061973680888,147.80895115211158,170.32627853063914,-15.606954550065083,3.3919198594998177,-0.052484482526779175,0.44887977838516235,0.4788282513618469,1.5341910337307363
13,0.43333236607142855,True,120.61399806496547,69.39800008960032,150.36478220620575,171.80038876498452,-16.36174541679938,3.7829830114338807,-0.052468836307525635,0.44635432958602905,0.4788142740726471,1.8184111498849969
14,0.46666562500000003,True,123.95043466544612,68.01318143326839,149.5395974076332,173.04367108977064,-16.866241052996045,4.046923381059177,-0.05269145965576172,0.44473326206207275,0.4791328012943268,1.23633085171565
15,0.49999888392857145,True,126.74221681280228,67.96012554462209,149.00623202457427,172.7448285970027,-18.114060157651778,4.567683480800025,-0.05264759063720703,0.442228227853775,0.4790974259376526,1.8041929291500134
16,0.5333321428571428,True,129.28094366687773,67.07292768268817,146.4291371052633,173.76483085747887,-17.832205380823012,4.330198388944671,-0.05267047882080078,0.4396691620349884,0.47912341356277466,1.842827633151226
17,0.5666654017857143,True,132.10913176765095,66.0641445269,144.80497977446242,173.70633158364288,-17.996474301854107,4.417369106755038,-0.052656352519989014,0.4372895658016205,0.4791146218776703,1.7133462447721046
18,0.5999986607142858,True,131.74261690114605,64.67205431963865,152.5112606866996,174.29171340830572,-18.024447529533106,4.42188985604219,-0.053380340337753296,0.43496832251548767,0.4798407554626465,1.9123563142029403
19,0.6333319196428572,True,135.32979358983982,62.99698536075808,153.1717127314833,173.64608298015312,-20.261238158145375,5.722634897928114,-0.05489152669906616,0.4330941438674927,0.48146796226501465,2.481745837438764
20,0.6666651785714286,True,139.9838653779403,61.34463557339425,153.36826937378538,173.10372296957848,-21.37112815444462,6.368333626489925,-0.05572780966758728,0.4308334290981293,0.4825209081172943,2.113277256974413
21,0.6999984375,True,141.83253590475454,61.5982915752576,155.9516205663034,173.6228474349902,-21.321505094193583,6.383240325003903,-0.05570313334465027,0.42752155661582947,0.4826708436012268,2.3922588390948114
22,0.7333316964285714,True,144.23510359681117,61.42972780314715,160.03311216709048,175.43806010693612,-21.486013021279987,6.579976298145624,-0.05572241544723511,0.4247001111507416,0.4828035235404968,2.0385273600378078
23,0.7666649553571429,True,145.67408193255957,61.44428262421113,162.37649464611488,176.08815275778264,-22.007330916293768,6.882902160186488,-0.056047797203063965,0.4227393567562103,0.48322731256484985,1.5123725436556854
24,0.7999982142857143,True,144.56246636562912,61.52091511738872,164.80235442706245,176.94389359083016,-21.95461235676339,6.96106467744925,-0.05715176463127136,0.421120822429657,0.48465481400489807,2.167185935971675
25,0.8333314732142857,True,144.03789779689052,61.70223805070855,169.1171081285493,177.92310478537428,-23.040646813986044,7.6586805614701206,-0.0578380823135376,0.4192584156990051,0.48581796884536743,2.003681629137457
26,0.8666647321428571,True,144.4142256198312,62.24065198850343,168.33191340641957,178.99380460773085,-24.120345000016812,8.389973695892866,-0.05801853537559509,0.4166684150695801,0.48639845848083496,2.007378752689087
27,0.8999979910714286,True,147.4266283930332,61.84466686435858,169.71435337098947,179.90026387038134,-25.981519215533766,9.536367163448077,-0.057393550872802734,0.41500815749168396,0.4864748418331146,1.1993771286057655
28,0.9333312500000001,True,149.32571908030306,61.40383127646216,174.36864347875306,178.8890868845837,-25.342383561369815,9.47390818238242,-0.056514739990234375,0.4136829674243927,0.4862860143184662,0.9842741680618767
29,0.9666645089285715,True,148.5540747060069,61.444319643185324,176.7234103651874,177.15449988045384,-23.908146438140747,8.717680080460884,-0.05630192160606384,0.41153156757354736,0.48653024435043335,1.5802383491215248
30,0.9999977678571429,True,153.9466236871161,59.335002575518715,174.10125931095178,176.65958652247937,-23.738640248979692,8.690567478346603,-0.056558847427368164,0.409442275762558,0.4870970845222473,1.6701255593836792
31,1.0333310267857143,True,157.83444714065467,57.70093332052354,174.59751482221085,176.13536955041528,-23.988109340514455,8.711877618149632,-0.057318270206451416,0.40740764141082764,0.4882354736328125,2.066226261267943
32,1.0666642857142856,True,155.37790959899704,58.383756724539616,176.5989974241551,175.22252990779057,-22.597203838882777,7.836579827218387,-0.057713717222213745,0.4056151509284973,0.4888764023780823,1.5292705597870981
33,1.0999975446428572,True,157.08117942914532,58.223105138649885,173.46516878882318,176.4973669326383,-23.722608929490832,8.130174192953564,-0.057969093322753906,0.40341609716415405,0.48940300941467285,1.7208285756973725
34,1.1333308035714287,True,158.6425667083427,58.390662166456515,173.31225798161267,176.31117672578637,-26.010767825847793,9.085020597432537,-0.05847540497779846,0.40097716450691223,0.49043989181518555,2.2011659773196395
35,1.1666640625,True,158.60381542102064,58.36272441881576,173.49501022845087,177.32562404357418,-25.539250378903773,8.849897019816908,-0.05843588709831238,0.39917755126953125,0.49090519547462463,1.4260505482911467
36,1.1999973214285715,True,162.23164716617416,56.67560746158247,170.76563798418255,177.0774011021381,-26.025389041297856,9.15059520334978,-0.0583590567111969,0.3974754810333252,0.49185433983802795,1.7256363389550031
37,1.2333305803571428,True,164.49581832630798,55.25790421600741,170.9950545857057,177.42843293519238,-26.0150281570848,9.328966328073532,-0.05894017219543457,0.39587265253067017,0.4935300350189209,2.4356421501038072
38,1.2666638392857144,True,166.80684257693235,54.5796831516716,171.4838617096712,177.53219935384212,-27.820590275488115,10.596582206468309,-0.05948343873023987,0.39419639110565186,0.4953750669956207,2.6521642764164928
39,1.2999970982142857,True,170.15743905673384,53.40192442600199,172.02439496616938,178.0930469796928,-29.830331204240466,11.791988930866546,-0.05956539511680603,0.39244750142097473,0.49679216742515564,2.208116336173053
40,1.3333303571428572,True,170.88373256989328,52.60493106389603,169.12992275288966,177.38872784892646,-29.758530703288997,11.935916603884397,-0.06002241373062134,0.39091843366622925,0.49829187989234924,2.2129236408788238
41,1.3666636160714285,True,172.84801521415758,52.41813707343478,171.23003706030678,177.0118930661576,-31.07384908413252,12.835129345395705,-0.06056016683578491,0.38851213455200195,0.5001031756401062,2.8942924632021887
42,1.399996875,True,172.99663990738557,52.32758711968497,171.7061936447144,178.06927416851332,-30.380124693286277,12.853467817444077,-0.060889363288879395,0.3866923153400421,0.5016942620277405,2.4216746703888132
43,1.4333301339285716,True,173.14597036906417,51.92973366790165,174.26016754261727,178.683379106259,-30.77382103033146,13.071541559330976,-0.06119352579116821,0.38590511679649353,0.502416729927063,1.084629871276929
44,1.4666633928571429,True,172.1863058978917,51.77068308147322,175.89858001496884,178.61176063562138,-29.749779923964738,12.357211344100847,-0.0611213743686676,0.38525331020355225,0.5027365684509277,0.622772891010892
45,1.4999966517857144,True,172.8935707713099,51.71956060975287,179.0808012355943,178.68702989974528,-30.872931277121978,12.944558866134551,-0.0611194372177124,0.3840188682079315,0.5036996006965637,1.5196925446001497
46,1.5333299107142857,True,172.0166673709639,51.3511244051965,178.16328266139791,178.99323797245512,-30.996068883016505,12.78010053917742,-0.061458587646484375,0.38324588537216187,0.5047482848167419,1.4531196254083005
47,1.5666631696428572,True,172.3373520178991,51.58172539227023,173.73716494392835,179.36110059372194,-30.794269449851654,12.903348639415611,-0.06126391887664795,0.38136640191078186,0.5059043169021606,2.0051934351923832
48,1.5999964285714285,True,173.5144816501047,50.57809858319289,172.69363505628587,178.61138655792064,-30.378616411503813,12.716374951580724,-0.06199157238006592,0.37898969650268555,0.507564902305603,2.7287837585808616
49,1.6333296875,True,173.73603774343698,50.14253891454043,170.57386995482508,179.8607706167614,-30.22744085831455,12.784990512103889,-0.06169977784156799,0.3773769736289978,0.5083832740783691,1.5638360307263275
50,1.6666629464285714,True,173.8429090633335,49.39073995264175,172.34482226592885,179.31147970093522,-28.998419309450938,12.10139838586211,-0.06234470009803772,0.37572869658470154,0.5098063945770264,2.1740753466860196
51,1.699996205357143,True,175.0002960960169,49.378121164699515,171.70457895222475,179.57348071752688,-29.13235435221803,12.222323504669005,-0.062272727489471436,0.3752753436565399,0.5098931789398193,0.34479823327053344
52,1.7333294642857142,True,175.53099154593062,48.810894622524195,172.49870915511278,179.64983028580392,-29.158647776569865,12.215817909367424,-0.06232091784477234,0.37417685985565186,0.5108929872512817,1.5044294374173521
53,1.7666627232142857,True,177.30436854280308,46.97895223075117,175.0617486054431,179.7314311282011,-28.153671657811145,11.830192154278775,-0.06279784440994263,0.37316444516181946,0.512241005897522,1.8731195930157825
54,1.7999959821428573,True,178.65408765769962,45.192152207324376,174.44199513537947,179.00059890588372,-26.821813444200217,11.420103820719973,-0.06310465931892395,0.3721156716346741,0.5134714841842651,1.7466725636720724
55,1.8333292410714286,True,179.13407630572058,45.26324080235325,176.29081499298337,177.08558762623443,-26.430303244608055,11.55763750106433,-0.06272906064987183,0.370108962059021,0.5140367746353149,1.6158875055473367
56,1.8666625000000001,True,178.9007827579273,44.65897536429265,177.55316069658298,175.9314813095103,-26.568601089306057,11.775478609480672,-0.06345725059509277,0.3676792085170746,0.5152868628501892,2.3708312044572115
57,1.8999957589285714,True,178.05182930866167,44.21625276824915,178.4980011608335,175.1357135535138,-26.570198713614403,11.770734586260438,-0.06346014142036438,0.3661132752895355,0.5161563158035278,1.5842155345638291
58,1.933329017857143,True,177.6648996109017,44.61676897119656,179.8425566187175,174.59456050347828,-27.679486566775537,12.430477074422202,-0.06289398670196533,0.36491867899894714,0.5166159868240356,1.042102583979847
59,1.9666622767857143,True,176.66477960215627,44.33782646994563,178.52522707238103,173.17755133218338,-27.84746431194928,12.54337882083021,-0.06257858872413635,0.36343270540237427,0.5171775817871094,1.2889613281010905
60,1.9999955357142858,True,176.09347920643214,43.57753959519601,176.80486785707726,171.94906128472365,-27.042499619187353,12.141912572251497,-0.0629439651966095,0.3616081178188324,0.518096387386322,1.763224069730851
61,2.0333287946428573,True,175.70734211060702,43.29412392710315,175.09663039366714,171.81568859158875,-26.663694743726282,12.097667072752738,-0.0630066990852356,0.3601023256778717,0.5186361074447632,1.2855689592616855
62,2.0666620535714286,True,175.9697873427162,44.12460177749749,173.33072169227145,172.33253547295897,-27.665146354688602,12.709151326211174,-0.06306016445159912,0.3582831919193268,0.5193239450454712,1.578187158029259
63,2.0999953125,True,175.72746817680783,43.683474583217865,172.5419563506761,172.3794330882341,-26.738700734023467,12.04077436459326,-0.06278756260871887,0.3568803668022156,0.5195452570915222,1.0490071881003833
64,2.1333285714285712,True,175.3995742537921,43.41222125829638,169.35239914115311,170.84909158969174,-25.515407802448834,11.387199240279124,-0.06285214424133301,0.354871928691864,0.5201215744018555,1.6233653449403314
65,2.166661830357143,True,173.30316835846057,42.40794294545821,168.22632819852618,169.21285982596063,-24.575364722801396,11.002166514647074,-0.06277665495872498,0.3530731797218323,0.5207712650299072,1.5391060095004263
66,2.1999950892857143,True,172.7331463702844,42.3764014165022,168.9426874211564,166.6334127680462,-23.259570553781245,10.502031549524546,-0.06241333484649658,0.3508932292461395,0.5211266875267029,1.6341674800999832
67,2.2333283482142856,True,173.70168327606416,42.98835482783737,170.42555443928006,164.5989543106543,-23.043232154232683,10.569296731885444,-0.06252831220626831,0.3494703769683838,0.5214950442314148,1.127747439519987
68,2.2666616071428574,True,173.725223242358,43.2865728557409,170.03721431673125,164.58097415376915,-22.417986591970006,10.217562244893742,-0.06257227063179016,0.3476284146308899,0.5217477083206177,1.3650767968255932
69,2.2999948660714287,True,173.44209677265644,44.14223354387218,171.51902206215382,162.55835682902486,-22.22063246217685,10.200002599099285,-0.06252875924110413,0.3453064262866974,0.5219423770904541,1.6902986767227874
70,2.333328125,True,173.99447895066538,44.5747824141039,171.29206568362756,161.53674516488638,-21.879756392953183,10.102730586570155,-0.06257802248001099,0.3436492085456848,0.5221278667449951,1.216589497606114
71,2.3666613839285713,True,174.3803983621015,44.7097297455528,172.02327117850186,159.93439229231734,-21.283000006554943,9.91753364143023,-0.06245771050453186,0.34219104051589966,0.5220136642456055,1.0600086950043417
72,2.399994642857143,True,172.81280802677753,44.803777794080105,174.42607584200817,159.4302920730666,-21.682318804390917,10.181465840532697,-0.062295496463775635,0.3402620851993561,0.5218825936317444,1.398944313197002
73,2.4333279017857143,True,171.0570054506373,44.07106058863228,174.48804269864573,158.74017155845505,-20.253264271688664,9.469106880308578,-0.06210532784461975,0.33826297521591187,0.5217121243476868,1.4558043861146381
74,2.4666611607142856,True,170.1716742392082,44.09497194872366,173.76385701922283,157.60747086809786,-20.062793436696126,9.370817309488032,-0.06083241105079651,0.33765676617622375,0.5204672813415527,1.6520977666440835
75,2.499994419642857,True,170.19321693861323,44.605388942578536,169.45552301160993,159.01735173007765,-19.370524473598095,9.035422509862402,-0.060206443071365356,0.33630791306495667,0.519800066947937,1.2932726710717852
76,2.5333276785714287,True,170.5406123531909,45.298491230591125,166.9844235407648,158.54052100132918,-18.862842642634575,8.811661617626717,-0.058325767517089844,0.3364279568195343,0.51787930727005,2.46009117520059
77,2.5666609375,True,168.743375831293,45.95185181735781,168.73456895847062,156.82050167171332,-18.537251797162654,8.676738724469022,-0.05636146664619446,0.33483654260635376,0.515884518623352,2.798640883571579
78,2.5999941964285713,True,169.52974658359264,47.696986072909844,170.14457404084683,155.35379707497071,-18.74407671350697,8.79228252902635,-0.05436709523200989,0.3341587781906128,0.5137943029403687,2.7196151996264146
79,2.633327455357143,True,172.41739994591782,50.55160278861248,168.7988340711213,155.07918676106507,-18.95841763003621,8.89040444247799,-0.05302780866622925,0.33266475796699524,0.5120532512664795,2.4745780848813
80,2.6666607142857144,True,172.8443904936024,52.1629027658,169.75059834041775,154.83246352522244,-18.712222830702316,8.692860736171628,-0.05128777027130127,0.33151915669441223,0.5097423195838928,3.070841788102237
81,2.6999939732142857,True,169.55701725620068,53.5194039153385,175.57512344065128,154.68838687878795,-18.845857587609146,8.533342491351483,-0.04804322123527527,0.32922112941741943,0.5058022737503052,5.307738856181986
82,2.733327232142857,True,167.47355316338616,54.072084505737855,176.25792963739426,155.08545197585627,-18.49072683444109,8.186763039724186,-0.04611164331436157,0.32791340351104736,0.5028592348098755,3.88297645107883
83,2.7666604910714288,True,164.9623169198949,55.02894792633643,177.82694587382713,154.93680838452588,-17.788262991513847,7.931411793857551,-0.04398801922798157,0.3259258270263672,0.5001147985458374,3.793182488340704
84,2.79999375,True,163.72449525743252,57.48186936755727,176.71267371823419,154.88253015958935,-17.145791160641963,7.6646549734904665,-0.04278644919395447,0.31968048214912415,0.4985188841819763,4.93890239701244
85,2.8333270089285714,True,161.46115021166761,58.24060461711519,178.05570293361225,155.48856132036772,-17.033822471752103,7.434935888109373,-0.039263367652893066,0.3211464285850525,0.4939419627189636,5.952779892621317
86,2.866660267857143,True,157.8955675796948,59.19124967115431,168.69937097737892,156.66519632823733,-16.323935568708677,6.465756372702213,-0.03268897533416748,0.3271681070327759,0.4848957657814026,12.364214517720631
87,2.8999935267857144,True,152.89003311905228,59.320158820471605,152.65248744785654,157.00757281661146,-15.752840774714457,6.154139377928517,-0.030359536409378052,0.32865408062934875,0.4814930856227875,4.484915145818223
88,2.9333267857142857,True,144.6081519148231,60.513500981376325,140.70837120811584,157.41852410049404,-15.11465387498285,5.814286800863436,-0.02684885263442993,0.32850104570388794,0.4769654870033264,5.796373600133862
89,2.966660044642857,True,132.70007567710294,61.31404082912789,144.80065530091707,158.3315573122356,-14.567556027848283,5.2861434962017,-0.02423405647277832,0.3281024098396301,0.4718126654624939,6.601853621711279
90,2.999993303571429,True,108.23749406178459,61.732154943660426,109.83561347944365,158.9692797229464,-14.304210899569412,5.250404395542042,-0.01647934317588806,0.3285845220088959,0.4631490707397461,11.094832707099679
91,3.0333265625,True,85.11414231960543,62.840048536258465,119.7235888098021,159.60526799755522,-13.851741029763204,5.223153894037115,-0.008495092391967773,0.33208757638931274,0.45452195405960083,11.327087815208847
92,3.0666598214285714,True,84.10140699294413,65.2524778879113,125.3234400515176,160.84012936216362,-13.383404873757684,4.804490137308277,-0.009535163640975952,0.3316445052623749,0.45389237999916077,0.8667007023357537
93,3.0999930803571427,True,79.77656996034935,66.39042347014149,125.26161640504866,162.47496538229774,-12.88035450555573,4.510702393815502,-0.006802171468734741,0.331572949886322,0.4497305452823639,5.327397560933632
94,3.1333263392857145,True,75.76674126911499,67.62109333123068,135.95028804891027,163.3860782052909,-12.139156596479623,4.225847703534496,-0.003202289342880249,0.3327157199382782,0.44455498456954956,6.675617983022068
95,3.1666595982142858,True,67.80202005371099,68.3027161387873,143.0664365449117,164.22012482427124,-11.37474315537932,3.8388375527087755,0.0003333091735839844,0.33536314964294434,0.43916916847229004,7.152516963825915
96,3.199992857142857,True,64.95675719189819,68.60178568815368,151.7994893644329,164.86503698925824,-11.032861210352209,3.8001730234694615,0.0017307102680206299,0.3365320861339569,0.43646112084388733,3.5670142452575697
97,3.233326116071429,True,63.78523573316721,69.5216923873473,154.72992414447907,165.60849312499226,-10.69584077999923,3.792172302419602,0.004494756460189819,0.33725911378860474,0.43261080980300903,4.956119291288665
98,3.266659375,True,59.98744969275782,69.87780312255664,154.57986833679777,166.2252399016104,-10.597089635958724,3.7255556667450223,0.00594407320022583,0.3388133645057678,0.42911285161972046,4.615114958729101
99,3.2999926339285715,True,59.06968731230491,70.03505166340626,153.17741775902155,167.39327846970863,-10.29866160012378,3.627650032954819,0.007909953594207764,0.3397091031074524,0.4250308573246002,5.264605180985808
100,3.3333258928571428,True,58.22538535723372,70.15776804488478,158.39403079306777,168.83778587822823,-9.240615171285796,3.2731846091878203,0.009206265211105347,0.3409762978553772,0.4218238294124603,4.205166772701738
101,3.3666591517857145,True,56.91207815833809,70.24437138579778,158.3007254931386,169.57424841965658,-8.760522751390454,3.089854517174206,0.009663403034210205,0.34218597412109375,0.42068910598754883,1.6935709895708089
102,3.399992410714286,True,56.43209310555161,71.18050413798412,161.2176523730192,169.60872363744943,-8.234270356290367,2.6967034088703343,0.011677324771881104,0.34353500604629517,0.4172217845916748,4.543214142959064
103,3.433325669642857,True,55.82018427966842,71.25251834846665,158.18779154153387,170.3747721407917,-7.39436108943184,1.8709791411442485,0.015684515237808228,0.3459630012512207,0.4112640917301178,7.823655903060836
104,3.4666589285714284,True,56.281723735865086,70.46348278051526,158.3950152472339,172.50508326269204,-6.271173283199701,0.943348386820255,0.01813441514968872,0.3480827510356903,0.4073505401611328,5.236687354195933
105,3.4999921875,True,56.634269953582454,69.95411135137647,151.3009377980207,173.19026880400781,-5.115222536287661,0.26219337748376986,0.022480487823486328,0.3510514199733734,0.40135565400123596,7.965585816654307
106,3.5333254464285715,True,60.972840062942204,72.54973994468588,152.6712675699236,175.13848333289243,-4.107388184121433,0.3235903408949407,0.022857844829559326,0.3515377938747406,0.3990750014781952,2.940164418395238
107,3.566658705357143,True,64.58790075268948,74.9575573692551,154.1867871795807,176.55398998080392,-2.9350060628747627,1.213920575955297,0.023100972175598145,0.35319948196411133,0.3968105912208557,3.135664847480692
108,3.5999919642857146,True,67.33369463012613,76.11434077037566,151.43563985110134,178.15946063736806,-1.5291798171308244,1.7727533137818594,0.02301540970802307,0.3542007505893707,0.3951830267906189,2.2044913240305646
109,3.633325223214286,True,69.35498735156308,74.69407795088848,149.7570646646518,178.89537371279405,-1.180343593762231,2.2250181611466604,0.022916555404663086,0.3543655574321747,0.3930318355560303,2.7560803927195936
110,3.666658482142857,True,73.01265320350153,74.7517144189486,150.3733367977903,176.71709314770735,-0.9659525127569566,2.594689782066559,0.02190929651260376,0.35522276163101196,0.39147061109542847,2.0915046558685684
111,3.6999917410714285,True,72.82033744491062,76.0085955058057,150.83208895728154,174.89075114727459,0.5269526843490553,3.047935863137217,0.023497819900512695,0.3573419451713562,0.3875728249549866,5.217267741046624
112,3.7333250000000002,True,68.15069618479029,73.63586228711597,149.54099247784987,173.0149543382043,1.8388435214064032,3.5629692129810007,0.023431628942489624,0.3583245575428009,0.38493987917900085,3.443628763684964
113,3.7666582589285715,True,67.39770189707069,73.32366390401536,153.7020859929542,173.44903865165938,4.27452618963396,4.248666255482302,0.02418661117553711,0.35861480236053467,0.3835363984107971,1.808569331017941
114,3.799991517857143,True,64.76351465274288,70.9369236892336,154.6679651002751,173.26858519081836,6.128735827048004,5.384853917989378,0.022450029850006104,0.359576553106308,0.382063090801239,2.0089476078406956
115,3.833324776785714,True,63.12019250736092,68.79628711450098,155.52696005142573,174.74818712982645,5.6675431098709765,5.658895160897707,0.019329994916915894,0.35922831296920776,0.3823785185813904,0.475267374818654
116,3.866658035714286,True,65.55239915761675,69.03863193561307,151.88048083907034,174.93976583179958,4.027272628928301,5.2593921102784895,0.019191652536392212,0.359039843082428,0.37982603907585144,3.2699905898945234
117,3.899991294642857,True,67.17830693251395,70.47387907827081,152.4782092943122,174.3726239767154,4.716390850028546,5.226111182238591,0.021294236183166504,0.35876357555389404,0.3782837390899658,1.9841397864103425
118,3.9333245535714285,True,66.81641050380782,70.20333136997426,152.50198953348092,173.9877965108724,4.558684538018326,5.045721642279906,0.02114453911781311,0.3585657775402069,0.3763161897659302,2.522486565054492
119,3.9666578125000003,True,68.13133928454694,71.58046239493076,153.32267306970314,174.4302620765883,4.014114401268856,5.175716156952144,0.021559178829193115,0.35847771167755127,0.374168336391449,2.7499834211184098
120,3.9999910714285716,True,69.1478800821562,72.80785949093064,152.4043349794048,174.51708685010018,3.9862300841955545,4.967800221212715,0.022400707006454468,0.3584038317203522,0.3728356659412384,1.7066473585055506
121,4.033324330357143,True,68.44701915619639,72.37391581940219,153.9725038429659,176.53815963053273,4.174564948294787,4.982949411779432,0.020922034978866577,0.35843759775161743,0.37249046564102173,0.4425247060062423
122,4.066657589285715,True,69.35495509902529,72.74007218532823,153.63948865718444,177.1333632338508,4.9864346413760074,5.374065005534967,0.020589858293533325,0.3584253191947937,0.37135082483291626,1.4587670228318461
123,4.0999908482142855,True,69.6137508575523,73.09258196264409,152.84260552613657,178.5544644763816,4.90845561624522,5.433695201398393,0.019199073314666748,0.35873574018478394,0.37130147218704224,0.23225904832345365
124,4.133324107142857,True,71.17037493440878,72.16127116814125,148.95235772183682,179.14616550417037,5.55463911932091,5.845318396392211,0.01895943284034729,0.35970255732536316,0.3698844909667969,1.942731314992444
125,4.166657366071429,True,71.1469889650599,72.61185823300768,148.8290077098383,178.0803481923351,8.928470984740514,6.470640253188737,0.020426422357559204,0.36043867468833923,0.36881574988365173,1.4670710766812933
126,4.199990625,True,69.30128173577516,72.87988256399792,154.39841683043954,179.00492800383202,11.18296959865313,6.905170508628181,0.02039813995361328,0.36160558462142944,0.3690037131309509,0.8739446529856262
127,4.233323883928572,True,70.4099612833279,73.43399265863248,153.38617093668293,178.65615537761,11.855997153858269,7.039227371237655,0.021693795919418335,0.3617948889732361,0.3666229546070099,3.0504174994221733
128,4.2666571428571425,True,70.68272347756205,75.10913810206937,152.72145282244205,176.58949036756803,9.415330329736463,5.644536454608782,0.022903531789779663,0.3618867099285126,0.36494308710098267,2.1512464949864576
129,4.299990401785714,True,69.63795569250996,76.30577881056723,154.00481723948133,175.1829134780748,5.74080549369819,3.79254433690179,0.02236267924308777,0.36206549406051636,0.3644258677959442,0.6744389657426655
130,4.333323660714286,True,68.28815927231238,76.05116854378481,156.0499757552678,174.56354793237713,3.7576379578264323,2.950185829435564,0.02131059765815735,0.36216816306114197,0.36433151364326477,0.141600171470573
131,4.366656919642857,True,65.91308180779211,74.74440562974863,156.63436528193074,173.08353958403197,2.9604137618540705,2.181872890907096,0.01931554079055786,0.3623041808605194,0.36404213309288025,0.3831347797057596
132,4.399990178571429,True,66.10104324255487,74.61328687196563,157.18954943426033,173.94145596946646,3.747208208864876,2.0658779536899514,0.018789976835250854,0.36232730746269226,0.363701194524765,0.4367189189835336
133,4.4333234375,True,66.13737506404381,75.28602513380552,156.28928325745804,173.08760143760986,2.873460477674058,1.4135967022003424,0.019270479679107666,0.36250051856040955,0.36178165674209595,2.460171370163958
134,4.466656696428571,True,66.33179685175502,76.96534770276469,155.59414991459306,169.6802242042033,0.36473485667397654,0.010246312959031788,0.019885718822479248,0.36248937249183655,0.36008530855178833,2.1713405139630506
135,4.499989955357143,True,64.96657248218976,76.584220558248,159.30956243668143,173.03698687642017,-1.2008620254905367,0.9439422495776352,0.017267853021621704,0.3623355031013489,0.3603338599205017,0.3368831380078224
136,4.533323214285715,True,63.570900472356264,76.44865313176794,160.57516748826896,172.95837064620088,-4.411727930351134,2.2784438809417438,0.01500624418258667,0.3623356819152832,0.3604682385921478,0.17200474789041997
137,4.566656473214286,True,63.31644830107432,77.50899682437034,161.6297884398828,173.21086146121,-6.900355319804206,3.4320294052712774,0.014078348875045776,0.3623281717300415,0.3603264093399048,0.18162195553934668
138,4.599989732142857,True,64.20756986599955,77.79472518024951,160.96747541280783,174.52992309479708,-9.283948650058548,4.4000294267174125,0.013789355754852295,0.3622782528400421,0.3595508933067322,0.9933109842946751
139,4.633322991071428,True,66.58301247699019,77.80559626558802,160.7255853501667,175.7746443672472,-9.76314397084974,4.783067016972831,0.01311272382736206,0.36220210790634155,0.35951030254364014,0.07553246920696124
140,4.66665625,True,67.05243057286145,78.04679755116332,162.30525497395064,175.3764967961025,-11.338910659020328,5.767850163500233,0.012275278568267822,0.36202171444892883,0.3593297004699707,0.2651594619414613
141,4.699989508928572,True,68.03756158177589,78.80325769890902,162.42308506680004,178.2112926119535,-13.197274422556404,7.095836463251198,0.012174457311630249,0.3620137870311737,0.35900819301605225,0.4115691210882867
142,4.733322767857143,True,69.22680787604371,79.17855592919251,162.70470501893627,176.93737482777274,-14.128845138653418,7.471014706524079,0.01198926568031311,0.36199742555618286,0.35874655842781067,0.33509940175077507
143,4.766656026785714,True,71.36954124954252,78.66663555470855,161.3619742647435,179.1720455067272,-14.10890978071862,7.67354781356035,0.010778278112411499,0.3620508909225464,0.3588930070400238,0.19136602596422536
144,4.799989285714286,True,73.74737857120417,80.50164569369825,160.3884102411873,176.72838031708653,-15.310395713145908,8.421638289971591,0.012574613094329834,0.3623300790786743,0.3561032712459564,3.576515249795142
145,4.833322544642857,True,75.90395015232592,81.40558388198413,164.2083506508541,174.37191887161575,-17.312649437425904,9.107497527485107,0.011546283960342407,0.36308297514915466,0.3556712567806244,0.7743652698083672
146,4.866655803571429,True,74.84942590420215,82.09391686663955,166.30915404833084,173.6443332299329,-19.159185486349273,10.147678334589674,0.010447859764099121,0.36321040987968445,0.3560045063495636,0.43631591420816934
147,4.8999890625,True,74.55663628608293,82.98174427722287,167.2378291203036,171.1180091027227,-20.21584581472507,10.89074415785439,0.00974246859550476,0.36320242285728455,0.35625118017196655,0.31579485703066396
148,4.933322321428571,True,74.72106654859351,82.93193095977819,168.05574698877194,166.53241043846862,-21.61472020136209,11.01442062650299,0.009508669376373291,0.36294224858283997,0.35571861267089844,0.7069562817933305
149,4.966655580357143,True,75.81260179835789,83.31167638620191,166.9572962125073,163.217124738266,-21.432978030620802,11.234892143748166,0.010220110416412354,0.3624318540096283,0.35461679100990295,1.457422428799606
150,4.999988839285714,True,75.17515476589034,82.95233410686927,166.92819422876863,154.39272597997171,-22.92572833479798,11.805693540877085,0.009868383407592773,0.3621528744697571,0.35325050354003906,1.7603454343838192
151,5.033322098214286,True,76.29856232578591,83.55143705785066,164.49692431234777,155.84774825147258,-23.425933089663317,12.12920994775019,0.009639501571655273,0.3617226183414459,0.3527020812034607,0.7672959872464835
152,5.066655357142857,True,76.80455010259207,84.86368113186242,162.88026751163952,151.83680164050713,-25.615460158158513,13.281271740514214,0.010391831398010254,0.36145564913749695,0.35193154215812683,1.0048460646852952
153,5.099988616071428,True,78.13999960171915,86.14191938828283,161.6168889785803,152.89217024543615,-26.721613002724624,13.931520801582089,0.010879486799240112,0.36146271228790283,0.3509680926799774,1.233225817579529
154,5.133321875,True,80.08372197911508,87.04708398912219,162.4407735000111,145.70615731749672,-29.058353020775,15.143668678779827,0.01082119345664978,0.36203697323799133,0.35002800822257996,1.2723624042853996
155,5.166655133928572,True,79.63549225005605,87.68154172260401,172.8710092030284,144.14527032662556,-31.723957041223017,16.426055692479565,0.010496288537979126,0.364172101020813,0.34939098358154297,1.740152311952373
156,5.199988392857143,True,78.52149541189041,87.3737213738157,169.00962766230893,141.43284749473406,-33.82073479812851,17.537383447865462,0.010448545217514038,0.36415329575538635,0.34854477643966675,1.0832297649706155
157,5.233321651785714,True,78.17653806663569,88.01381690383305,164.2620211014912,140.14234996989475,-35.64222309195321,18.43952115606358,0.010720252990722656,0.36462634801864624,0.34762996435165405,1.2194887583969438
158,5.266654910714286,True,77.3571958263556,86.97257665484625,165.39782711059877,129.87969898492085,-35.75892340547783,18.589647182521347,0.01029917597770691,0.3667938709259033,0.3473591208457947,1.5986590145028736
159,5.299988169642857,True,74.77659331030483,86.28553022739122,172.2963428964819,136.10622741129166,-36.75453269640748,18.830765922352914,0.009970933198928833,0.36829107999801636,0.34683677554130554,1.2684999832891564
160,5.333321428571429,True,75.36617273234549,85.30196466199057,168.71190602891002,138.40997215781098,-36.52295915724066,18.825716368860352,0.009577393531799316,0.36850249767303467,0.34679001569747925,0.1635649203418345
161,5.3666546875,True,75.56771708307389,85.98864499970736,166.65685221118457,138.80530614247874,-39.143461414082594,19.677841810886076,0.010062038898468018,0.36874186992645264,0.3456994593143463,1.4065115102072179
162,5.399987946428571,True,71.43837060921616,87.70735106617327,174.89810327837088,112.43601122589936,-43.875912319459914,21.864376505729094,0.010334432125091553,0.3711724877357483,0.34467291831970215,2.1884196447700974
163,5.433321205357143,True,70.51409698818,88.07310870233472,174.35336097673314,126.08983316287839,-43.96340725932984,22.043101686759446,0.010847777128219604,0.3719046413898468,0.3441605269908905,0.841451905347924
164,5.466654464285714,True,69.43668141933401,87.76788448416,171.8295565325266,114.85701172443976,-40.709047559187326,20.86954130623729,0.011298537254333496,0.37306150794029236,0.3429707884788513,1.7357748343896726
165,5.499987723214286,True,69.44299982384696,90.43560771974964,172.59202889221615,120.34674310161105,-45.45581152764828,22.502887363760642,0.01185750961303711,0.37354719638824463,0.3422073721885681,1.0378602276837943
166,5.5333209821428575,True,69.04705201347625,91.20115697173202,163.56016637778572,129.64694091172043,-47.8725495234482,22.78978087778316,0.012715309858322144,0.3737545907497406,0.3406960666179657,1.940225809894069
167,5.566654241071428,True,68.1933983426237,92.5096187993021,160.12240216972435,132.3845723241837,-50.26860338131209,23.485723435648005,0.013218879699707031,0.3745950162410736,0.33932727575302124,1.8536021650494914
168,5.5999875,True,64.62366343358136,93.20222640376184,161.52126528447323,134.34594933524107,-51.24328097048236,23.60289190455422,0.015862584114074707,0.3768441379070282,0.3359840512275696,4.575477500233038
169,5.633320758928572,True,62.075168068237325,93.73153483054521,164.0585030805949,135.25271795181143,-52.679469515123415,23.752347272419218,0.016521424055099487,0.3786618411540985,0.3348599076271057,1.9450607053065776
170,5.666654017857143,True,61.333147662912694,94.74088002653082,161.27818013901265,137.56377132095486,-51.918446356534176,23.138400432374933,0.01865360140800476,0.380234956741333,0.3324110805988312,3.332860951150031
171,5.6999872767857145,True,61.422773215821074,95.3818639269818,159.0365222455123,139.6676622883653,-50.35307034855593,22.263773367629142,0.01905849575996399,0.38098904490470886,0.33149686455726624,1.290018428636676
172,5.733320535714286,True,60.62391037339698,98.01457257801178,162.87525024911338,138.60285289737487,-51.58352052990858,23.22731042798005,0.018752843141555786,0.3827897012233734,0.33185291290283203,1.3742422402007315
173,5.766653794642857,True,58.28982461085349,98.672803759161,164.2844002562427,138.46701458520698,-51.38390830371232,22.627695639511792,0.01939535140991211,0.384432852268219,0.33015328645706177,2.4763979880098197
174,5.799987053571429,True,54.67388373871929,99.0292057870475,164.55423389102404,140.01295009758246,-52.072925141350595,22.262361936632065,0.019679129123687744,0.3857998847961426,0.32872146368026733,2.0803089422044327
175,5.8333203125,True,48.579573332584495,99.47500116818571,169.65286090710637,141.7454705496614,-52.19853379200143,21.76213104164001,0.01957988739013672,0.38782212138175964,0.32731765508651733,2.312731259917614
176,5.8666535714285715,True,47.33892878493742,99.3160368960245,171.80986700535524,143.5288051088448,-50.95223087155,20.539965971672633,0.020084768533706665,0.3886701762676239,0.3258121907711029,2.021420019405722
177,5.899986830357143,True,45.872779362447986,100.20054429198824,168.55950063127185,145.58548788783247,-51.74254547831313,19.986912380187974,0.021025747060775757,0.3901844024658203,0.3241157829761505,2.429735797927818
178,5.933320089285714,True,44.83717836208665,100.26795266950295,168.93428302979922,147.2005537105271,-48.493411949950726,18.355821313967457,0.020450323820114136,0.39109915494918823,0.3240688741207123,0.6613530537726054
179,5.966653348214286,True,44.6920302185849,100.69451291848505,167.27751516328073,146.35330413710292,-47.3856744055378,17.57115493095462,0.019648492336273193,0.39214760065078735,0.3240208625793457,0.7573782873045593
180,5.999986607142858,True,45.03375796574153,104.36420998724842,166.04393789056272,153.22997212018774,-53.117459591578694,19.108116424069035,0.019001036882400513,0.3928811252117157,0.3241937756538391,0.5726393474205285
181,6.0333198660714285,True,46.72967322371452,107.94635422281698,167.1612566219375,155.29455997743983,-62.315982791726384,20.89549151208418,0.01885133981704712,0.3934346139431,0.3241975009441376,0.398540413416744
182,6.066653125,True,47.0026702717589,108.70790194128614,166.57957636888042,154.0817686437763,-61.79127158370159,20.165210385804336,0.018272221088409424,0.3934064209461212,0.3238656520843506,0.4252512923441113
183,6.099986383928572,True,59.4283009396079,106.76274202913223,152.18684495973434,156.12162758848436,-57.8913199391194,17.589702134842536,0.017261534929275513,0.3930984139442444,0.3239574730396271,0.250984517177379
184,6.133319642857143,True,80.69872498484354,106.28521149738827,130.81528257529172,163.84551868537523,-59.39792790586837,14.579452658166021,0.015874415636062622,0.3945992887020111,0.3233506977558136,1.3307820181547265
185,6.166652901785715,True,126.94667792612081,104.13268119335325,89.33427151093295,168.96483947544027,-57.39758194804497,10.280538174012603,0.013760119676589966,0.39581218361854553,0.3236016035079956,0.9304670196371938
186,6.199986160714285,True,150.90694680470577,105.64085634591657,118.16645435007528,172.17143228567832,-50.407508163665554,7.404517765913266,0.015263915061950684,0.3958980143070221,0.3219056725502014,2.17167108191883
187,6.233319419642857,True,174.2756816643067,106.95581177286263,139.47288426323786,175.66719086463354,-46.763594931443805,4.190409435605697,0.013349413871765137,0.3984595537185669,0.3213364779949188,1.9829992989208594
188,6.266652678571429,True,148.74248026148894,106.87056599141968,119.86022835550783,179.92875490145425,-43.56134625049164,0.10368131378016157,0.013503283262252808,0.40279078483581543,0.31872043013572693,4.575771631418963
189,6.2999859375,True,83.34226360562742,106.92276375653546,74.49880997783762,177.22938817363246,-42.4436627072611,3.109357209292773,0.012557268142700195,0.4064396023750305,0.31817343831062317,2.718845212178015
190,6.3333191964285716,True,136.83984943103204,106.378850857439,145.67259258543095,176.612566146,-44.38806040136822,4.985594591220059,0.016416311264038086,0.41209331154823303,0.3123633861541748,8.478050859825352
191,6.366652455357143,True,174.78242480379552,107.01974721342452,152.78631388130833,175.76989684081906,-43.56462692976365,6.90850637613933,0.022190630435943604,0.41210657358169556,0.30570337176322937,8.524823768146193
192,6.399985714285714,True,173.67997318132578,106.29102419843707,136.30613032136236,179.5532785436287,-49.21297444687003,9.85786705766272,0.02621111273765564,0.412406325340271,0.3008654713630676,6.196272269096454
193,6.433318973214286,True,148.90653384912335,110.99164778068263,131.18677534961563,179.26996522955767,-48.861660412054064,11.203501676177025,0.026997148990631104,0.41083836555480957,0.29909491539001465,2.5319268907555004
194,6.466652232142858,True,151.87941897270503,109.74516001506191,134.13786603533242,179.75772087305288,-45.09455086174751,14.312392008230276,0.030547499656677246,0.40991464257240295,0.29552358388900757,4.6194323603962975
195,6.4999854910714285,True,140.99121696152952,119.40771405759031,142.52286401763547,178.234105012394,-42.24768922229379,15.059792187498918,0.0352632999420166,0.4093453288078308,0.2892220616340637,8.07635733728735
196,6.53331875,True,137.10177011962364,129.22217138813406,163.30580549251795,176.34870645681303,-39.897376513101214,16.26170253685168,0.04180625081062317,0.4210438132286072,0.28360551595687866,11.073828578838642
197,6.566652008928571,True,130.66760839901372,136.0473071794065,168.791919394966,175.88770271131935,-44.153990714838066,16.961725392665954,0.045742154121398926,0.42155787348747253,0.2789909839630127,5.918186050562156
198,6.599985267857143,True,132.5004920577194,139.38388315598021,169.35781332328713,171.9973224553882,-64.95348587789655,19.82654284342119,0.05081745982170105,0.4322719871997833,0.27436894178390503,9.721619277025557
199,6.633318526785715,True,120.04695180300942,153.4067427934144,162.20637099832408,171.18064224826324,-59.78761672236192,21.691320977280466,0.05787694454193115,0.43949559330940247,0.2676481604576111,10.052616175992908
200,6.6666517857142855,True,113.57909305694253,160.22555415598,152.23835533898247,169.83248639736053,-40.34929813780687,25.579200453816373,0.06620600819587708,0.44383323192596436,0.25958114862442017,10.787742338461188
201,6.699985044642857,True,115.61577088256905,158.27517792200408,156.29300235476407,166.25151948063333,-43.11189271453803,28.58550638880879,0.06988197565078735,0.45197567343711853,0.25582772493362427,7.579688285660573
202,6.733318303571429,True,123.37773699254987,155.88302886308486,153.11503351676654,163.34999998709483,-57.50767179245519,31.864866491055174,0.07595382630825043,0.46458563208580017,0.2499060183763504,11.827276248605994
203,6.7666515625,True,138.05680603190942,156.85889040797298,149.11195325914417,161.57999279282012,-76.18795752171424,33.093281102775144,0.08079145848751068,0.48369288444519043,0.24539156258106232,14.921536469825641
204,6.799984821428572,True,158.01966551210805,152.56327406780974,155.36561369129603,155.7876093212187,-145.23138541367956,35.48352097243874,0.08836567401885986,0.4996706247329712,0.23789405822753906,14.981324111939843
205,6.833318080357143,True,173.16167242761097,144.78198627238135,84.2566610317003,151.48172549353154,-151.62561349427278,39.161548439631126,0.08380948007106781,0.5148381590843201,0.24231977760791779,12.302494556253949
206,6.866651339285714,True,173.9107636682168,153.7854566185647,121.56040734932259,149.41012135122915,-151.22439911068187,38.340995447779136,0.0787229835987091,0.5214017629623413,0.24941527843475342,10.238175572811913
207,6.899984598214286,True,172.20968158008438,155.1737118593237,165.4845664991763,147.05133910344716,-145.92059642676585,39.46169891540322,0.08140143752098083,0.5368068814277649,0.24847844243049622,11.156318551075929
208,6.933317857142857,True,174.27572210222354,160.15040180155998,143.09289474321284,146.43353272599518,-149.26409389504474,40.37684527757577,0.08097207546234131,0.542930543422699,0.2519400119781494,6.250733768225877
209,6.966651116071429,True,165.61843151442525,165.26304836499222,159.5220055954767,146.89210486058474,-156.9362685270763,40.16327313321387,0.08023875951766968,0.5572779178619385,0.2525697350502014,10.361509237104853
210,6.999984375,True,163.09188840293066,169.51860022756344,162.61721096169998,142.93194367723487,-149.65663592364612,39.39454235255642,0.0793612003326416,0.5657615065574646,0.2533096671104431,6.181175711961378
211,7.033317633928571,True,159.77457603382942,172.90203609362638,170.07600453813075,142.27874589334755,-155.76884796996677,39.36208377833009,0.07881879806518555,0.5777087211608887,0.25359398126602173,8.609689247335902
212,7.066650892857143,True,163.58452515211798,177.75093656601538,163.3810738398877,140.06291771949358,-162.8157537911112,39.701843715216505,0.0798218846321106,0.5861898064613342,0.25390148162841797,6.119053466570176
213,7.099984151785715,True,167.38588379222026,177.2555862024072,156.23137917662908,142.28103711994524,-162.80462246358155,39.89829702114776,0.07648155093193054,0.5926216244697571,0.257414311170578,6.45469805498871
214,7.133317410714286,True,170.33141172268105,171.17318020190493,157.69890012611282,143.5236252110248,-155.41537280992932,39.40848010446314,0.07216978073120117,0.5996617078781128,0.2611554265022278,6.973112416520831
215,7.166650669642857,True,168.81922380109822,166.6711609276472,159.26443308833097,143.45282788228593,-151.7954400236652,39.21069821797117,0.06626242399215698,0.6098986864089966,0.26640766859054565,9.976125774695195
216,7.199983928571429,True,167.1143645744389,167.05440419584224,161.250433524906,141.8008848415731,-159.51336527352143,40.91769213604695,0.0592598021030426,0.6122716069221497,0.2733490765094757,9.047775675496569
217,7.2333171875,True,167.3791364543157,164.81016270533362,161.42812801221473,141.14554397849923,-164.69670544646226,41.80394084554267,0.05328986048698425,0.6166966557502747,0.27925726771354675,8.20621687977531
218,7.266650446428572,True,163.73290198431837,162.78728715426595,168.33450162099115,141.54417754935233,-162.34089614391866,42.14083687851885,0.047282874584198,0.6256192326545715,0.28556278347969055,10.31567106459526
219,7.299983705357143,True,164.08864461303455,160.19094854767752,160.36468908499694,142.45914963690083,-165.41424074488882,41.969683592680546,0.0438881516456604,0.6288226842880249,0.2897823452949524,5.8729121806360975
220,7.333316964285714,True,165.61343329192775,158.7379912411216,153.32663408253455,141.2497204764954,-162.55041891272617,42.49931135629731,0.04193410277366638,0.6334514021873474,0.29326269030570984,5.563483534650819
221,7.366650223214286,True,168.5932074184304,157.80580743436997,156.4133411005738,144.24499291360283,-157.0007573286642,43.18834646049346,0.040919750928878784,0.6312253475189209,0.29717904329299927,5.262919630727699
222,7.399983482142857,True,168.73875501589458,155.26570454917788,158.94467384140532,149.67424939952943,-154.4808901139518,43.607012325830475,0.03567466139793396,0.6376008987426758,0.30298638343811035,8.736538816191349
223,7.433316741071429,True,168.91666191409243,151.89359245690517,165.52227830973607,155.12582823879677,-156.96533819763147,43.27778939990406,0.028405100107192993,0.6361473798751831,0.31165462732315063,11.14459835002081
224,7.4666500000000005,True,168.70167044530578,148.89690931852573,165.07875489400263,160.81985315231591,-156.28697504291213,42.75011586722245,0.023429781198501587,0.6384087204933167,0.31866180896759033,9.115774034872452
225,7.499983258928571,True,169.42709208249263,145.40268927357437,163.93109818861313,159.519927055113,-156.4794439248493,41.642363588616746,0.019502073526382446,0.6385550498962402,0.3242496848106384,7.15325700084922
226,7.533316517857143,True,169.5915257669299,144.02143511978906,159.17345600184737,161.04838930009376,-148.46961293985626,41.84539127681559,0.016069382429122925,0.638923704624176,0.32925325632095337,6.410069450029823
227,7.566649776785715,True,168.8809069262131,145.63187462548476,157.83528126163662,160.8702658394546,-150.54829924250063,44.457218785781144,0.011725902557373047,0.6371987462043762,0.33487704396247864,7.304802930420184
228,7.599983035714286,True,170.73839436872456,141.80791209476226,156.8897085185068,159.35078909710884,-149.4961519822832,43.73319996452389,0.007230579853057861,0.6357699036598206,0.33964911103248596,6.1942738188226345
229,7.633316294642857,True,170.54693367000309,140.1761250168806,157.43761063252592,161.0641535560055,-150.94333785846285,43.84245230235904,0.0032418668270111084,0.6348483562469482,0.3442992866039276,5.989092607731476
230,7.666649553571428,True,168.84488841732508,139.66408441307212,160.49331004008906,162.00457382539383,-147.50669613207415,44.320132581691176,-0.0006293058395385742,0.6310946345329285,0.3502916991710663,8.13251477255483
231,7.6999828125,True,166.02029550382872,142.0167279252263,163.18104509759482,164.40242405517398,-152.9885303899618,46.69994448838007,-0.0037463009357452393,0.6272433400154114,0.3555856943130493,7.321719786838394
232,7.733316071428572,True,165.59457650716868,138.9909948231717,166.1754958686648,164.20761506831965,-142.06659375873224,45.796497667238675,-0.007872998714447021,0.6232442855834961,0.360500305891037,6.918339466294232
233,7.766649330357143,True,178.8410548931327,128.7645376529256,161.37763555587455,162.62929707698424,-140.51603111667583,45.58468095872619,-0.01450878381729126,0.6225475072860718,0.3678142726421356,9.375309724255194
234,7.799982589285714,True,178.35014001140462,130.10962811805317,156.32895805761007,163.3022800403457,-167.41701805624098,49.71514360271941,-0.01879596710205078,0.6222457885742188,0.37451690435409546,8.582118476518804
235,7.833315848214286,True,168.95716287920214,130.15743124423378,159.74259087568348,164.1271106787664,-160.18667674803078,49.14858878366468,-0.025294512510299683,0.6187950372695923,0.38216906785964966,10.104971502528501
236,7.866649107142857,True,164.03348408387862,127.97477030885744,174.58041453492262,163.4377039658625,-146.84080327600537,47.13692137199753,-0.028042525053024292,0.608559787273407,0.38389456272125244,7.693232294715648
237,7.899982366071429,True,168.13273588364865,122.64906796571539,179.15820234234806,162.84209980640676,-154.149818693124,45.962864045295454,-0.03044864535331726,0.6022437810897827,0.38668277859687805,5.780756209037123
238,7.9333156250000005,True,170.9683564723663,118.70518938826022,176.38438176907198,163.5030889241512,-177.00998097384553,45.98031059285943,-0.03359830379486084,0.5994048118591309,0.3929349482059479,8.259698165436184
239,7.966648883928571,True,172.23602980085286,115.51423242787482,173.30427407574786,164.015325817717,-172.16260764685086,44.94287093541299,-0.035898417234420776,0.5976927280426025,0.39647144079208374,4.691551789265139
240,7.999982142857143,True,177.96331808820028,106.53266609761462,164.74801649177834,161.5156689197571,-166.61479911197588,44.233451401724146,-0.038719356060028076,0.5922238826751709,0.40166211128234863,7.723208965124647
241,8.033315401785714,True,173.3863683977329,101.68425496529827,160.33608198043137,161.24707718236593,-166.5529194094899,44.10358436313309,-0.04142758250236511,0.5889834761619568,0.4071334898471832,7.381763793293881
242,8.066648660714286,True,174.83336633850553,104.25809958324014,173.07017268826098,162.73488097453188,-146.64800818753903,45.60548671629785,-0.04349476099014282,0.5850241780281067,0.4106079041957855,5.282470619287115
243,8.099981919642858,True,173.67361924338354,102.90242497686302,171.49027179364361,163.08501413528236,-134.74476322266733,45.13419287345578,-0.045401811599731445,0.584263801574707,0.413982093334198,4.353522498330764
244,8.13331517857143,True,178.69045274389362,94.57639979892096,176.09813104917558,163.2682083483464,-128.97937696040492,46.410032072773944,-0.050987184047698975,0.5811887383460999,0.42079201340675354,8.993487435577647
245,8.1666484375,True,177.08514583795306,92.29054596287467,161.55670205557894,161.91863737293482,-123.36534097406225,45.002464244397785,-0.05175855755805969,0.5775811672210693,0.4231043756008148,3.937932018366665
246,8.199981696428571,True,170.30034836696353,93.29425676276351,162.65996727321402,160.71796042689178,-119.2216720946613,44.54242314090979,-0.05092325806617737,0.5716140270233154,0.42499399185180664,4.930385153163344
247,8.233314955357143,True,173.82778800342504,86.5898659404805,176.95150116087098,158.91503896214493,-121.46478937796329,44.25356099826341,-0.0550118088722229,0.5673666000366211,0.43026813864707947,7.411276755915752
248,8.266648214285715,True,176.5222054961618,78.88739928294451,157.61044401836196,159.63344799917397,-117.02292501751838,44.165195995307286,-0.055309176445007324,0.5586215257644653,0.4341103434562683,7.98950989106297
249,8.299981473214286,True,177.21747905532297,74.23009731333124,179.82151806417585,158.99437560512447,-113.71649744394196,42.846016522366895,-0.056406110525131226,0.5553919076919556,0.4356749653816223,3.0688773268435225
250,8.333314732142858,True,128.65281900727038,33.15537193449927,147.87835412229154,157.62701427689512,-111.52386976857215,42.19756042563738,-0.057208478450775146,0.5492900609970093,0.4382970333099365,5.528629010046632
251,8.366647991071428,True,162.9939313276307,50.256780744132456,136.50847880126062,155.70906382625378,-111.21923909006901,41.27941902104253,-0.05782380700111389,0.5450276136398315,0.4392112195491791,3.2844784978317505
252,8.39998125,True,179.0649062009768,55.29814882723598,162.67013723973741,155.64727202403597,-114.2405514762321,40.77682907272068,-0.06017881631851196,0.5395970344543457,0.44205132126808167,5.338900515153005
253,8.433314508928571,True,170.7936546621488,58.46795652849406,178.4291495916172,154.66398717007536,-112.39109887703574,39.88463717099364,-0.06040191650390625,0.5385512709617615,0.44320327043533325,1.6556172816931816
254,8.466647767857143,True,172.10521938607835,52.249721036839745,155.5964572335118,152.36852610803635,-108.56569879433034,39.331840359617274,-0.06041410565376282,0.5346360802650452,0.4452924132347107,3.8855158223443254
255,8.499981026785715,True,171.43879046154387,50.21180957031241,159.77186164801853,151.21507864594113,-108.1679227958827,38.8658364405413,-0.05997723340988159,0.5325111150741577,0.4465155005455017,2.189012474971573
256,8.533314285714285,True,177.5965581602615,44.08732161533152,161.36073113175033,151.41535152844085,-109.01557035801804,39.4210627116854,-0.06210854649543762,0.5299105048179626,0.45123425126075745,6.323578125400981
257,8.566647544642857,True,178.36890179827424,40.101390819927545,179.52320746088247,151.56469096940287,-107.8031425186589,38.88124557022824,-0.06297898292541504,0.5272271633148193,0.45328488945961,3.259188619720592
258,8.599980803571428,True,178.95409392468784,37.32285957905914,179.3194033945301,151.57882665775065,-109.17963683382862,38.05651681290755,-0.06390747427940369,0.5253990888595581,0.45547810196876526,3.1005514013586204
259,8.6333140625,True,176.39159478046673,33.32418157741182,178.55507912245815,153.02507341773642,-107.93812308407163,37.27055339062752,-0.06592652201652527,0.5246497988700867,0.4593932032585144,5.0402850144534765
260,8.666647321428572,True,172.48406803288177,28.75814006887254,173.19537635886954,156.12574521471853,-103.82047799771019,36.67247817824866,-0.06760752201080322,0.5227449536323547,0.4635210931301117,5.458796240941095
261,8.699980580357144,True,175.25437137852052,24.859195557036028,177.12682812059666,157.6919149257241,-101.64948985945068,35.932840977446986,-0.06445267796516418,0.5183398723602295,0.46153220534324646,4.066988450119178
262,8.733313839285714,True,173.47485033909783,24.57022597455975,172.22056744961967,157.64225910162602,-101.38775492888345,35.39296284866537,-0.06646320223808289,0.5198530554771423,0.464338481426239,3.7536244253152264
263,8.766647098214285,True,171.8053985131299,23.103739826728336,169.59219647037065,155.52014689319816,-102.39961207251385,34.68469497333371,-0.06600573658943176,0.5201789140701294,0.4645014703273773,0.3139592574580367
264,8.799980357142857,True,169.3819328447951,21.223128750605657,169.90298146817636,156.46427004317064,-100.60419720290541,34.87697333536348,-0.0669083297252655,0.5196004509925842,0.4680374264717102,4.545146729169808
265,8.833313616071429,True,168.6192901396191,20.213064285848272,164.58091953571278,153.46425932285035,-100.30117589897668,35.62128318732188,-0.06624013185501099,0.519075334072113,0.4687528610229492,0.990735642811449
266,8.866646875,True,171.2752327250549,20.90431878621336,164.56969674290482,150.8799086945266,-100.2667950793705,36.472745963203145,-0.06635165214538574,0.519232451915741,0.4699897766113281,1.587288246720217
267,8.89998013392857,True,176.55228450445074,23.08501139867218,162.5160112465725,148.85734809852187,-104.08238302188784,37.68086502234381,-0.0669659674167633,0.5196638107299805,0.4716006815433502,2.085217253348528
268,8.933313392857142,True,176.8246523597321,25.799763023910295,158.2551330674849,147.16851098902572,-105.81272061608576,38.01364097627203,-0.06728959083557129,0.5201587080955505,0.47306028008461,1.90196250380722
269,8.966646651785714,True,170.60494128761994,29.042274379524187,161.53128436745808,145.20838568128934,-107.10907087809306,37.846953312510294,-0.0688726007938385,0.520512580871582,0.4751146733760834,2.641938005098453
270,8.999979910714286,True,168.54693263604284,29.818213244182914,165.21284975307174,144.14422834838965,-107.53651628274399,38.07650359730394,-0.06834354996681213,0.5207472443580627,0.47654953598976135,1.844379288465545
271,9.033313169642858,True,166.50472926246212,29.815975212397927,167.22226277075234,142.2062107897512,-107.84622645735354,38.084558439501045,-0.06804227828979492,0.5207383632659912,0.47721752524375916,0.8550501552629775
272,9.06664642857143,True,164.55925184394732,29.624639859920233,166.49131416922262,140.32572110731877,-105.59922897997922,37.994630947402165,-0.06716513633728027,0.5208600163459778,0.4785105288028717,1.6573607113271316
273,9.0999796875,True,162.78701004165285,29.600207911629802,175.93543259588088,138.03773243061596,-102.31609758457661,37.39312773241449,-0.06569167971611023,0.5207442045211792,0.48054829239845276,2.6096698989749973
274,9.133312946428571,True,162.06631668163305,29.606793865651078,178.0143098111411,134.70472375627224,-101.91770412715329,37.4990894540144,-0.06637999415397644,0.5217459797859192,0.48225393891334534,2.299287871401614
275,9.166646205357143,True,158.40692162290787,30.970693171939693,176.89172850402372,130.40855195088324,-99.44931708419091,37.62424098706815,-0.06743112206459045,0.5227324366569519,0.4848668575286865,3.4191188147334337
276,9.199979464285715,True,158.53913637455366,30.653195922566333,179.24488506948362,128.85604161147228,-97.91736763394366,37.614017305234924,-0.06729969382286072,0.5234941244125366,0.48653024435043335,2.1986303972434333
277,9.233312723214286,True,158.94819425681814,30.007651451499715,179.89724789756738,119.67349612497623,-96.35133841244125,37.77577572035946,-0.0672973096370697,0.5245014429092407,0.487863689661026,1.8545123215705612
278,9.266645982142856,True,163.33351947560024,28.63620984918039,175.52003170431126,115.95308161666628,-97.60273057208683,37.5979077213284,-0.06870535016059875,0.5266850590705872,0.48963770270347595,2.761895980769024
279,9.299979241071428,True,163.9515192912454,28.560650773961093,174.20910702130595,115.27058714568622,-98.18421804476455,37.758117798367145,-0.06838846206665039,0.5281651020050049,0.4907214045524597,1.749206131547376
